scenario,nearest_non_tied_model,locus,best_log_likelihood,nearest_log_likelihood,delta_log_likelihood
a,phizackerley_v2_scenario_a,Locus1,-33.74485537035737,-34.72546186322686,0.9806064928694909
a,phizackerley_v2_scenario_a,Locus2,-63.745939852891,-64.79534065931608,1.0494008064250835
a,phizackerley_v2_scenario_a,Locus3,-37.210275521362334,-37.61010878001496,0.3998332586526274
a,phizackerley_v2_scenario_a,Locus4,-47.54257684624799,-49.11121784665534,1.5686410004073537
a,phizackerley_v2_scenario_a,Locus5,-35.049760364988636,-35.6044592471885,0.5546988821998653
a,phizackerley_v2_scenario_a,Locus6,-56.741505163351015,-58.82092087061248,2.079415707261468
a,phizackerley_v2_scenario_a,Locus7,-39.12656799325736,-39.40505827968049,0.27849028642312845
a,phizackerley_v2_scenario_a,Locus8,-28.91645243191707,-29.473889788537164,0.5574373566200954
b,phizackerley_v2_scenario_b,Locus1,-33.88043860172682,-34.84595152298819,0.9655129212613645
b,phizackerley_v2_scenario_b,Locus2,-64.23075668705374,-65.51431980300688,1.283563115953143
b,phizackerley_v2_scenario_b,Locus3,-37.35385412291937,-37.8882729749804,0.5344188520610302
b,phizackerley_v2_scenario_b,Locus4,-47.92623509476126,-49.39598883827762,1.4697537435163568
b,phizackerley_v2_scenario_b,Locus5,-35.139145761999494,-35.69834902296397,0.5592032609644733
b,phizackerley_v2_scenario_b,Locus6,-59.61766141612668,-61.697052032306395,2.0793906161797153
b,phizackerley_v2_scenario_b,Locus7,-39.14837819286161,-39.51812333765925,0.36974514479764053
b,phizackerley_v2_scenario_b,Locus8,-28.897067214309367,-29.48653718325782,0.5894699689484533
c,phizackerley_v2_scenario_c,Locus1,-35.996721730127824,-36.689857455072776,0.6931357249449519
c,phizackerley_v2_scenario_c,Locus2,-64.2054789003174,-65.40123096127722,1.1957520609598191
c,phizackerley_v2_scenario_c,Locus3,-37.40216479083355,-38.36966152703592,0.9674967362023708
c,phizackerley_v2_scenario_c,Locus4,-47.90498038129359,-49.717606420315384,1.8126260390217936
c,phizackerley_v2_scenario_c,Locus5,-35.748671383927245,-36.353360926705726,0.6046895427784804
c,phizackerley_v2_scenario_c,Locus6,-58.94869694080258,-61.02817321296644,2.079476272163866
c,phizackerley_v2_scenario_c,Locus7,-39.007326779847645,-39.51373886258249,0.5064120827348475
c,phizackerley_v2_scenario_c,Locus8,-29.14938023089292,-29.82607690669465,0.676696675801729
d,phizackerley_v2_scenario_d,Locus1,-35.30386417071525,-35.93583284045106,0.6319686697358122
d,phizackerley_v2_scenario_d,Locus2,-66.5024412899561,-67.70902789709551,1.206586607139414
d,phizackerley_v2_scenario_d,Locus3,-37.87496299130002,-39.641735179715404,1.7667721884153806
d,phizackerley_v2_scenario_d,Locus4,-50.37846495710297,-52.180848300509524,1.8023833434065537
d,phizackerley_v2_scenario_d,Locus5,-35.68626421955205,-36.139278544322764,0.453014324770713
d,phizackerley_v2_scenario_d,Locus6,-58.25560180521548,-61.1173393031025,2.8617374978870203
d,phizackerley_v2_scenario_d,Locus7,-39.21949483962326,-39.86965586021921,0.6501610205959523
d,phizackerley_v2_scenario_d,Locus8,-28.878431570130957,-29.555038730193605,0.6766071600626482
