scenario,rank,model,log_likelihood,delta_log_likelihood,weight_percent,observation_model_type
a,1,hawass_v2_scenario_a,-342.0779335443728,0.0,99.9141593540846,generative_str
a,1,belmonte_v1_scenario_a,-342.0779335443728,0.0,99.9141593540846,generative_str
a,2,phizackerley_v2_scenario_a,-349.5464573352319,-7.468523790859081,0.057028029866625106,generative_str
a,3,variant_e1_scenario_a,-350.49610556709166,-8.418172022718863,0.022062838274923488,generative_str
a,4,dodson_v2_scenario_a,-351.8221340139673,-9.744200469594489,0.005858339609053806,generative_str
a,5,tawfik_v1_scenario_a,-353.7049194392074,-11.626985894834604,0.0008914381647747551,generative_str
b,1,hawass_v2_scenario_b,-346.19353709175834,0.0,99.943459647795,generative_str
b,1,belmonte_v1_scenario_b,-346.19353709175834,0.0,99.943459647795,generative_str
b,2,phizackerley_v2_scenario_b,-354.0445947154405,-7.851057623682152,0.038911984105287,generative_str
b,3,variant_e1_scenario_b,-355.10407901290057,-8.910541921142226,0.013488237109600024,generative_str
b,4,dodson_v2_scenario_b,-356.4440693438022,-10.250532252043854,0.003531870613772484,generative_str
b,5,tawfik_v1_scenario_b,-358.20304923141634,-12.009512139658,0.0006082603763516728,generative_str
c,1,hawass_v2_scenario_c,-348.3634211380427,0.0,99.97893933119104,generative_str
c,1,belmonte_v1_scenario_c,-348.3634211380427,0.0,99.97893933119104,generative_str
c,2,phizackerley_v2_scenario_c,-356.89970627265063,-8.536285134607908,0.019617650593807427,generative_str
c,3,dodson_v2_scenario_c,-360.0868047805748,-11.723383642532099,0.0008100423032614736,generative_str
c,4,variant_e1_scenario_c,-360.99594777723956,-12.63252663919684,0.00032634120524888344,generative_str
c,5,tawfik_v1_scenario_c,-361.0582340946591,-12.694812956616374,0.0003066347066404606,generative_str
d,1,hawass_v2_scenario_d,-352.0995258435961,0.0,99.99559365011406,generative_str
d,1,belmonte_v1_scenario_d,-352.0995258435961,0.0,99.99559365011406,generative_str
d,2,phizackerley_v2_scenario_d,-362.14875665560953,-10.049230812013434,0.004321707541894615,generative_str
d,3,tawfik_v1_scenario_d,-366.3072803261887,-14.207754482592577,6.755095465603303e-05,generative_str
d,4,dodson_v2_scenario_d,-367.6833440665884,-15.583818222992306,1.7061397517359563e-05,generative_str
d,5,variant_e1_scenario_d,-374.026991589653,-21.927465746056896,2.999186602526479e-08,generative_str
