scenario,omitted_locus,shared_structure_top,tie_delta_log_likelihood,nearest_non_tied_model,nearest_non_tied_delta_log_likelihood,nearest_non_tied_bayes_factor
a,Locus1,True,0.0,phizackerley_v2_scenario_a,-6.487917297989668,657.153282512962
a,Locus2,True,0.0,phizackerley_v2_scenario_a,-6.419122984434011,613.4648599000653
a,Locus3,True,0.0,phizackerley_v2_scenario_a,-7.06869053220646,1174.6089142118767
a,Locus4,True,0.0,phizackerley_v2_scenario_a,-5.899882790451727,364.99468449597623
a,Locus5,True,0.0,phizackerley_v2_scenario_a,-6.913824908659194,1006.08808720382
a,Locus6,True,0.0,phizackerley_v2_scenario_a,-5.389108083597591,219.0079616227755
a,Locus7,True,0.0,phizackerley_v2_scenario_a,-7.1900335044359736,1326.147636691476
a,Locus8,True,0.0,phizackerley_v2_scenario_a,-6.911086434238996,1003.3367097204125
b,Locus1,True,0.0,phizackerley_v2_scenario_b,-6.885544702420873,978.0342622737035
b,Locus2,True,0.0,phizackerley_v2_scenario_b,-6.567494507729123,711.5847377223579
b,Locus3,True,0.0,phizackerley_v2_scenario_b,-7.316638771621228,1505.1363508057889
b,Locus4,True,0.0,phizackerley_v2_scenario_b,-6.381303880165888,590.6974043828916
b,Locus5,True,0.0,phizackerley_v2_scenario_b,-7.291854362717743,1468.2909182238243
b,Locus6,True,0.0,phizackerley_v2_scenario_b,-5.771667007502458,321.07251707348246
b,Locus7,True,0.0,phizackerley_v2_scenario_b,-7.481312478884547,1774.5683316286515
b,Locus8,True,0.0,phizackerley_v2_scenario_b,-7.26158765473366,1424.5163829776784
c,Locus1,True,0.0,phizackerley_v2_scenario_c,-7.843149409662942,2548.217590580044
c,Locus2,True,0.0,phizackerley_v2_scenario_c,-7.340533073648032,1541.5336456422758
c,Locus3,True,0.0,phizackerley_v2_scenario_c,-7.568788398405502,1936.7922388350564
c,Locus4,True,0.0,phizackerley_v2_scenario_c,-6.723659095586072,831.8557892638495
c,Locus5,True,0.0,phizackerley_v2_scenario_c,-7.931595591829364,2783.8651751889333
c,Locus6,True,0.0,phizackerley_v2_scenario_c,-6.4568088624440065,637.024975266962
c,Locus7,True,0.0,phizackerley_v2_scenario_c,-8.02987305187304,3071.3517461709507
c,Locus8,True,0.0,phizackerley_v2_scenario_c,-7.859588458806172,2590.4540774512643
d,Locus1,True,0.0,phizackerley_v2_scenario_d,-9.41726214227765,12298.863543785403
d,Locus2,True,0.0,phizackerley_v2_scenario_d,-8.842644204874034,6923.2750160713285
d,Locus3,True,0.0,phizackerley_v2_scenario_d,-8.282458623598075,3953.903602131245
d,Locus4,True,0.0,phizackerley_v2_scenario_d,-8.246847468606859,3815.5781112468853
d,Locus5,True,0.0,phizackerley_v2_scenario_d,-9.596216487242714,14709.024371706053
d,Locus6,True,0.0,phizackerley_v2_scenario_d,-7.187493314126414,1322.7832442233596
d,Locus7,True,0.0,phizackerley_v2_scenario_d,-9.399069791417503,12077.141243057404
d,Locus8,True,0.0,phizackerley_v2_scenario_d,-9.37262365195079,11761.933861647056
