scenario,background_error,dropout,shared_structure_top,tie_delta_log_likelihood,nearest_non_tied_model,nearest_non_tied_delta_log_likelihood,nearest_non_tied_bayes_factor
a,0.0001,0.1,True,0.0,phizackerley_v2_scenario_a,-7.469589292758769,1753.8862038675245
a,0.0001,0.2,True,0.0,phizackerley_v2_scenario_a,-7.469589292758826,1753.886203867624
a,0.0001,0.3,True,0.0,phizackerley_v2_scenario_a,-7.469589292758769,1753.8862038675245
a,0.001,0.1,True,0.0,phizackerley_v2_scenario_a,-7.468523790859081,1752.0184300204633
a,0.001,0.2,True,0.0,phizackerley_v2_scenario_a,-7.468523790859081,1752.0184300204633
a,0.001,0.3,True,0.0,phizackerley_v2_scenario_a,-7.4685237908591375,1752.0184300205628
a,0.01,0.1,True,0.0,phizackerley_v2_scenario_a,-7.457778501701625,1733.2932691834021
a,0.01,0.2,True,0.0,phizackerley_v2_scenario_a,-7.457778501701625,1733.2932691834021
a,0.01,0.3,True,0.0,phizackerley_v2_scenario_a,-7.457778501701739,1733.2932691835993
b,0.0001,0.1,True,0.0,phizackerley_v2_scenario_b,-7.8522781722621176,2571.5861648152936
b,0.0001,0.2,True,0.0,phizackerley_v2_scenario_b,-7.852278172262061,2571.5861648151476
b,0.0001,0.3,True,0.0,phizackerley_v2_scenario_b,-7.852278172261947,2571.5861648148552
b,0.001,0.1,True,0.0,phizackerley_v2_scenario_b,-7.851057623682152,2568.449333690379
b,0.001,0.2,True,0.0,phizackerley_v2_scenario_b,-7.851057623682152,2568.449333690379
b,0.001,0.3,True,0.0,phizackerley_v2_scenario_b,-7.851057623682152,2568.449333690379
b,0.01,0.1,True,0.0,phizackerley_v2_scenario_b,-7.8387450754619294,2537.0190678151926
b,0.01,0.2,True,0.0,phizackerley_v2_scenario_b,-7.8387450754619294,2537.0190678151926
b,0.01,0.3,True,0.0,phizackerley_v2_scenario_b,-7.838745075461873,2537.019067815048
c,0.0001,0.1,True,0.0,phizackerley_v2_scenario_c,-8.53661816183046,5098.074313549281
c,0.0001,0.2,True,0.0,phizackerley_v2_scenario_c,-8.536618161830404,5098.074313548991
c,0.0001,0.3,True,0.0,phizackerley_v2_scenario_c,-8.536618161830404,5098.074313548991
c,0.001,0.1,True,0.0,phizackerley_v2_scenario_c,-8.536285134607908,5096.37679869529
c,0.001,0.2,True,0.0,phizackerley_v2_scenario_c,-8.536285134607908,5096.37679869529
c,0.001,0.3,True,0.0,phizackerley_v2_scenario_c,-8.536285134607851,5096.376798695001
c,0.01,0.1,True,0.0,phizackerley_v2_scenario_c,-8.532913469887376,5079.222460430205
c,0.01,0.2,True,0.0,phizackerley_v2_scenario_c,-8.532913469887319,5079.222460429916
c,0.01,0.3,True,0.0,phizackerley_v2_scenario_c,-8.532913469887376,5079.222460430205
d,0.0001,0.1,True,0.0,phizackerley_v2_scenario_d,-10.051214290257462,23183.921770291206
d,0.0001,0.2,True,0.0,phizackerley_v2_scenario_d,-10.051214290257462,23183.921770291206
d,0.0001,0.3,True,0.0,phizackerley_v2_scenario_d,-10.05121429025752,23183.921770292523
d,0.001,0.1,True,0.0,phizackerley_v2_scenario_d,-10.04923081201349,23137.98254064229
d,0.001,0.2,True,0.0,phizackerley_v2_scenario_d,-10.049230812013434,23137.982540640976
d,0.001,0.3,True,0.0,phizackerley_v2_scenario_d,-10.04923081201349,23137.98254064229
d,0.01,0.1,True,0.0,phizackerley_v2_scenario_d,-10.029933212608853,22695.755704298066
d,0.01,0.2,True,0.0,phizackerley_v2_scenario_d,-10.029933212608853,22695.755704298066
d,0.01,0.3,True,0.0,phizackerley_v2_scenario_d,-10.029933212608853,22695.755704298066
